,index,Episode,Speaker,Internal,NumWords
0,0,1,Jeremy,True,4
1,1,1,Jeremy,True,7
2,2,1,Jeremy,True,10
3,3,1,Jeremy,True,3
4,4,1,Jeremy,True,2
5,5,1,Jeremy,False,2
6,6,1,Jeremy,False,16
7,7,1,Jeremy,False,5
8,8,1,Jeremy,False,8
9,9,1,Jeremy,False,10
10,10,1,Jeremy,False,5
11,11,1,Jeremy,False,10
12,12,1,Jeremy,False,10
13,13,1,Jeremy,False,6
14,14,1,Jeremy,False,11
15,15,1,Jeremy,False,10
16,16,1,Jeremy,False,12
17,17,1,Jeremy,False,4
18,18,1,Jeremy,False,10
19,19,1,Jeremy,False,8
20,20,1,Jeremy,True,7
21,21,1,Jeremy,True,7
22,22,1,Jeremy,False,4
23,23,1,Jeremy,True,18
24,24,1,Jeremy,True,5
25,25,1,Jeremy,True,9
26,26,1,Jeremy,False,3
27,27,1,Jeremy,False,1
28,28,1,Jeremy,False,3
29,29,1,Jeremy,False,2
30,30,1,Jeremy,False,1
31,31,1,Jeremy,False,1
32,32,1,Jeremy,False,1
33,33,1,Jeremy,False,16
34,34,1,Jeremy,False,2
35,35,1,Jeremy,False,5
36,36,1,Jeremy,False,7
37,37,1,Jeremy,False,5
38,38,1,Jeremy,False,8
39,39,1,Jeremy,False,9
40,40,1,Jeremy,False,2
41,41,1,Jeremy,False,11
42,42,1,Jeremy,False,1
43,43,1,Jeremy,False,1
44,44,1,Jeremy,False,3
45,45,1,Jeremy,False,5
46,46,1,Jeremy,False,3
47,47,1,Jeremy,False,3
48,48,1,Jeremy,False,23
49,49,1,Jeremy,False,8
50,50,1,Jeremy,False,2
51,51,1,Jeremy,False,8
52,52,1,Jeremy,False,16
53,53,1,Jeremy,False,3
54,54,1,Jeremy,False,4
55,55,1,Jeremy,False,7
56,56,1,Jeremy,False,7
57,57,1,Jeremy,False,3
58,58,1,Jeremy,False,6
59,59,1,Jeremy,False,4
60,60,1,Jeremy,False,25
61,61,1,Jeremy,False,5
62,62,1,Jeremy,False,19
63,63,1,Jeremy,False,2
64,64,1,Jeremy,False,2
65,65,1,Jeremy,False,5
66,66,1,Jeremy,False,3
67,67,1,Jeremy,False,4
68,68,1,Jeremy,False,1
69,69,1,Jeremy,True,16
70,70,1,Jeremy,False,8
71,71,1,Jeremy,False,2
72,72,1,Jeremy,True,8
73,73,1,Jeremy,True,7
74,74,1,Jeremy,True,25
75,75,1,Jeremy,True,5
76,76,1,Jeremy,False,8
77,77,1,Jeremy,False,7
78,78,1,Jeremy,False,2
79,79,1,Jeremy,False,3
80,80,1,Jeremy,False,4
81,81,1,Jeremy,True,5
82,82,1,Jeremy,True,4
83,83,1,Jeremy,True,2
84,84,1,Jeremy,False,8
85,85,1,Jeremy,False,8
86,86,1,Jeremy,False,7
87,87,1,Jeremy,False,3
88,88,1,Jeremy,False,5
89,89,1,Jeremy,False,3
90,90,1,Jeremy,False,9
91,91,1,Jeremy,False,13
92,92,1,Jeremy,False,5
93,93,1,Jeremy,False,4
94,94,1,Jeremy,False,17
95,95,1,Jeremy,False,1
96,96,1,Jeremy,False,3
97,97,1,Jeremy,False,2
98,98,1,Jeremy,False,5
99,99,1,Jeremy,True,6
100,100,1,Jeremy,True,5
101,101,1,Jeremy,True,3
102,102,1,Jeremy,False,5
103,103,1,Jeremy,True,2
104,104,1,Jeremy,True,1
105,105,1,Jeremy,True,1
106,106,1,Jeremy,True,1
107,107,1,Jeremy,True,1
108,108,1,Jeremy,False,1
109,109,1,Jeremy,False,4
110,110,1,Jeremy,True,1
111,111,1,Jeremy,True,4
112,112,1,Jeremy,False,3
113,113,1,Jeremy,False,4
114,114,1,Jeremy,False,1
115,115,1,Jeremy,False,5
116,116,1,Jeremy,True,9
117,117,1,Jeremy,False,14
118,118,1,Jeremy,False,3
119,119,1,Jeremy,False,1
120,120,1,Jeremy,False,3
121,121,1,Jeremy,False,4
122,122,1,Jeremy,False,18
123,123,1,Jeremy,False,11
124,124,1,Jeremy,False,9
125,125,1,Jeremy,False,12
126,126,1,Jeremy,True,6
127,127,1,Jeremy,True,6
128,128,1,Jeremy,False,1
129,129,1,Jeremy,False,12
130,130,1,Jeremy,False,1
131,131,1,Jeremy,False,6
132,132,1,Jeremy,False,1
133,133,1,Jeremy,False,7
134,134,1,Jeremy,False,7
135,135,1,Jeremy,False,7
136,136,1,Jeremy,False,4
137,137,1,Jeremy,False,6
138,138,1,Jeremy,False,2
139,139,1,Jeremy,False,2
140,140,1,Jeremy,False,11
141,141,1,Jeremy,False,6
142,142,1,Jeremy,False,18
143,143,1,Jeremy,False,4
144,144,1,Jeremy,False,5
145,145,1,Jeremy,False,1
146,146,1,Jeremy,False,2
147,147,1,Jeremy,False,23
148,148,1,Jeremy,False,4
149,149,1,Jeremy,False,10
150,150,1,Jeremy,False,3
151,151,1,Jeremy,False,18
152,152,2,Jeremy,True,5
153,153,2,Jeremy,True,5
154,154,2,Jeremy,True,2
155,155,2,Jeremy,True,3
156,156,2,Jeremy,False,3
157,157,2,Jeremy,True,6
158,158,2,Jeremy,True,12
159,159,2,Jeremy,True,24
160,160,2,Jeremy,True,4
161,161,2,Jeremy,False,1
162,162,2,Jeremy,True,2
163,163,2,Jeremy,True,6
164,164,2,Jeremy,True,3
165,165,2,Jeremy,True,17
166,166,2,Jeremy,False,3
167,167,2,Jeremy,False,2
168,168,2,Jeremy,False,4
169,169,2,Jeremy,False,11
170,170,2,Jeremy,False,28
171,171,2,Jeremy,False,6
172,172,2,Jeremy,False,1
173,173,2,Jeremy,False,2
174,174,2,Jeremy,False,6
175,175,2,Jeremy,False,4
176,176,2,Jeremy,False,5
177,177,2,Jeremy,False,18
178,178,2,Jeremy,False,5
179,179,2,Jeremy,False,1
180,180,2,Jeremy,False,3
181,181,2,Jeremy,False,4
182,182,2,Jeremy,False,2
183,183,2,Jeremy,True,2
184,184,2,Jeremy,True,13
185,185,2,Jeremy,True,9
186,186,2,Jeremy,True,7
187,187,2,Jeremy,True,8
188,188,2,Jeremy,True,4
189,189,2,Jeremy,True,16
190,190,2,Jeremy,True,7
191,191,2,Jeremy,True,3
192,192,2,Jeremy,True,8
193,193,2,Jeremy,True,2
194,194,2,Jeremy,True,11
195,195,2,Jeremy,True,9
196,196,2,Jeremy,True,3
197,197,2,Jeremy,True,1
198,198,2,Jeremy,True,5
199,199,2,Jeremy,True,14
200,200,2,Jeremy,True,3
201,201,2,Jeremy,True,7
202,202,2,Jeremy,True,4
203,203,2,Jeremy,True,3
204,204,2,Jeremy,True,7
205,205,2,Jeremy,True,6
206,206,2,Jeremy,True,1
207,207,2,Jeremy,True,4
208,208,2,Jeremy,True,6
209,209,2,Jeremy,False,2
210,210,2,Jeremy,False,2
211,211,2,Jeremy,False,4
212,212,2,Jeremy,False,3
213,213,2,Jeremy,False,8
214,214,2,Jeremy,False,7
215,215,2,Jeremy,False,19
216,216,2,Jeremy,False,8
217,217,2,Jeremy,False,7
218,218,2,Jeremy,True,3
219,219,2,Jeremy,True,13
220,220,2,Jeremy,True,8
221,221,2,Jeremy,True,10
222,222,2,Jeremy,False,5
223,223,2,Jeremy,False,7
224,224,2,Jeremy,False,11
225,225,2,Jeremy,False,1
226,226,2,Jeremy,False,9
227,227,2,Jeremy,False,1
228,228,2,Jeremy,False,6
229,229,2,Jeremy,False,4
230,230,2,Jeremy,False,9
231,231,2,Jeremy,False,1
232,232,2,Jeremy,False,1
233,233,2,Jeremy,False,3
234,234,2,Jeremy,False,12
235,235,2,Jeremy,False,6
236,236,2,Jeremy,False,1
237,237,2,Jeremy,False,5
238,238,2,Jeremy,False,13
239,239,2,Jeremy,False,13
240,240,2,Jeremy,False,4
241,241,2,Jeremy,False,5
242,242,2,Jeremy,False,1
243,243,2,Jeremy,False,3
244,244,2,Jeremy,False,9
245,245,2,Jeremy,False,5
246,246,2,Jeremy,False,2
247,247,2,Jeremy,False,1
248,248,2,Jeremy,False,4
249,249,2,Jeremy,False,4
250,250,2,Jeremy,False,2
251,251,2,Jeremy,False,13
252,252,2,Jeremy,False,11
253,253,2,Jeremy,False,8
254,254,2,Jeremy,False,1
255,255,2,Jeremy,False,16
256,256,2,Jeremy,False,1
257,257,2,Jeremy,False,9
258,258,2,Jeremy,False,16
259,259,2,Jeremy,False,6
260,260,2,Jeremy,False,14
261,261,2,Jeremy,False,5
262,262,2,Jeremy,False,14
263,263,2,Jeremy,False,6
264,264,2,Jeremy,False,8
265,265,2,Jeremy,False,8
266,266,2,Jeremy,False,7
267,267,2,Jeremy,False,3
268,268,2,Jeremy,False,7
269,269,2,Jeremy,False,1
270,270,2,Jeremy,True,17
271,271,2,Jeremy,False,1
272,272,2,Jeremy,False,5
273,273,2,Jeremy,False,2
274,274,2,Jeremy,True,4
275,275,2,Jeremy,True,7
276,276,2,Jeremy,False,3
277,277,2,Jeremy,False,35
278,278,2,Jeremy,False,1
279,279,2,Jeremy,True,2
280,280,2,Jeremy,True,5
281,281,2,Jeremy,True,14
282,282,2,Jeremy,True,5
283,283,2,Jeremy,True,1
284,284,2,Jeremy,True,2
285,285,2,Jeremy,True,4
286,286,2,Jeremy,False,7
287,287,2,Jeremy,False,12
288,288,2,Jeremy,False,16
289,289,2,Jeremy,False,1
290,290,2,Jeremy,False,3
291,291,2,Jeremy,True,4
292,292,2,Jeremy,True,5
293,293,2,Jeremy,False,6
294,294,2,Jeremy,False,7
295,295,2,Jeremy,False,13
296,296,2,Jeremy,False,8
297,297,2,Jeremy,True,2
298,298,2,Jeremy,True,7
299,299,2,Jeremy,True,4
300,300,2,Jeremy,False,6
301,301,2,Jeremy,False,3
302,302,2,Jeremy,False,2
303,303,2,Jeremy,False,3
304,304,2,Jeremy,False,14
305,305,2,Jeremy,False,5
306,306,2,Jeremy,False,5
307,307,2,Jeremy,False,5
308,308,2,Jeremy,False,6
309,309,2,Jeremy,False,10
310,310,3,Jeremy,False,1
311,311,3,Jeremy,False,11
312,312,3,Jeremy,False,20
313,313,3,Jeremy,False,13
314,314,3,Jeremy,False,3
315,315,3,Jeremy,False,1
316,316,3,Jeremy,False,3
317,317,3,Jeremy,False,15
318,318,3,Jeremy,False,7
319,319,3,Jeremy,False,17
320,320,3,Jeremy,False,9
321,321,3,Jeremy,False,10
322,322,3,Jeremy,True,5
323,323,3,Jeremy,False,5
324,324,3,Jeremy,False,10
325,325,3,Jeremy,False,3
326,326,3,Jeremy,False,8
327,327,3,Jeremy,False,8
328,328,3,Jeremy,False,11
329,329,3,Jeremy,False,9
330,330,3,Jeremy,False,1
331,331,3,Jeremy,False,2
332,332,3,Jeremy,False,2
333,333,3,Jeremy,False,16
334,334,3,Jeremy,False,9
335,335,3,Jeremy,False,7
336,336,3,Jeremy,False,8
337,337,3,Jeremy,False,7
338,338,3,Jeremy,False,3
339,339,3,Jeremy,False,2
340,340,3,Jeremy,True,5
341,341,3,Jeremy,True,13
342,342,3,Jeremy,False,8
343,343,3,Jeremy,False,15
344,344,3,Jeremy,True,3
345,345,3,Jeremy,True,5
346,346,3,Jeremy,True,7
347,347,3,Jeremy,True,3
348,348,3,Jeremy,True,5
349,349,3,Jeremy,True,2
350,350,3,Jeremy,True,7
351,351,3,Jeremy,True,7
352,352,3,Jeremy,True,4
353,353,3,Jeremy,True,6
354,354,3,Jeremy,True,3
355,355,3,Jeremy,True,1
356,356,3,Jeremy,True,3
357,357,3,Jeremy,True,1
358,358,3,Jeremy,True,6
359,359,3,Jeremy,True,4
360,360,3,Jeremy,True,6
361,361,3,Jeremy,True,7
362,362,3,Jeremy,True,4
363,363,3,Jeremy,True,3
364,364,3,Jeremy,False,5
365,365,3,Jeremy,False,9
366,366,3,Jeremy,False,1
367,367,3,Jeremy,False,5
368,368,3,Jeremy,False,5
369,369,3,Jeremy,False,18
370,370,3,Jeremy,False,8
371,371,3,Jeremy,False,6
372,372,3,Jeremy,False,4
373,373,3,Jeremy,False,6
374,374,3,Jeremy,False,2
375,375,3,Jeremy,False,2
376,376,3,Jeremy,False,6
377,377,3,Jeremy,False,4
378,378,3,Jeremy,False,4
379,379,3,Jeremy,False,5
380,380,3,Jeremy,False,9
381,381,3,Jeremy,False,10
382,382,3,Jeremy,False,3
383,383,3,Jeremy,True,12
384,384,3,Jeremy,False,3
385,385,3,Jeremy,False,2
386,386,3,Jeremy,False,1
387,387,3,Jeremy,False,10
388,388,3,Jeremy,False,2
389,389,3,Jeremy,False,4
390,390,3,Jeremy,False,6
391,391,3,Jeremy,True,6
392,392,3,Jeremy,True,13
393,393,3,Jeremy,True,6
394,394,3,Jeremy,False,1
395,395,3,Jeremy,False,9
396,396,3,Jeremy,False,6
397,397,3,Jeremy,True,8
398,398,3,Jeremy,False,1
399,399,3,Jeremy,True,32
400,400,3,Jeremy,True,4
401,401,3,Jeremy,True,5
402,402,3,Jeremy,True,2
403,403,3,Jeremy,True,3
404,404,3,Jeremy,True,2
405,405,3,Jeremy,False,5
406,406,3,Jeremy,False,4
407,407,3,Jeremy,False,12
408,408,3,Jeremy,True,6
409,409,3,Jeremy,True,3
410,410,3,Jeremy,True,1
411,411,3,Jeremy,True,6
412,412,3,Jeremy,True,7
413,413,3,Jeremy,True,7
414,414,3,Jeremy,True,1
415,415,3,Jeremy,True,6
416,416,3,Jeremy,True,13
417,417,3,Jeremy,False,1
418,418,3,Jeremy,True,4
419,419,3,Jeremy,True,7
420,420,3,Jeremy,False,4
421,421,3,Jeremy,False,2
422,422,3,Jeremy,True,6
423,423,3,Jeremy,True,5
424,424,3,Jeremy,True,8
425,425,3,Jeremy,False,5
426,426,3,Jeremy,True,16
427,427,3,Jeremy,False,2
428,428,3,Jeremy,True,3
429,429,3,Jeremy,True,10
430,430,3,Jeremy,True,4
431,431,3,Jeremy,True,4
432,432,3,Jeremy,True,5
433,433,3,Jeremy,False,7
434,434,3,Jeremy,False,5
435,435,3,Jeremy,False,9
436,436,3,Jeremy,False,2
437,437,3,Jeremy,False,5
438,438,3,Jeremy,False,5
439,439,4,Jeremy,False,6
440,440,4,Jeremy,False,5
441,441,4,Jeremy,False,4
442,442,4,Jeremy,False,4
443,443,4,Jeremy,False,6
444,444,4,Jeremy,False,20
445,445,4,Jeremy,True,3
446,446,4,Jeremy,True,3
447,447,4,Jeremy,False,3
448,448,4,Jeremy,True,3
449,449,4,Jeremy,True,2
450,450,4,Jeremy,False,2
451,451,4,Jeremy,False,7
452,452,4,Jeremy,True,9
453,453,4,Jeremy,True,6
454,454,4,Jeremy,True,5
455,455,4,Jeremy,True,3
456,456,4,Jeremy,True,4
457,457,4,Jeremy,True,10
458,458,4,Jeremy,True,34
459,459,4,Jeremy,True,2
460,460,4,Jeremy,True,2
461,461,4,Jeremy,True,18
462,462,4,Jeremy,True,7
463,463,4,Jeremy,False,3
464,464,4,Jeremy,False,3
465,465,4,Jeremy,False,3
466,466,4,Jeremy,False,8
467,467,4,Jeremy,False,1
468,468,4,Jeremy,False,1
469,469,4,Jeremy,False,5
470,470,4,Jeremy,False,6
471,471,4,Jeremy,False,9
472,472,4,Jeremy,False,8
473,473,4,Jeremy,False,3
474,474,4,Jeremy,False,3
475,475,4,Jeremy,False,1
476,476,4,Jeremy,False,1
477,477,4,Jeremy,False,6
478,478,4,Jeremy,False,3
479,479,4,Jeremy,True,4
480,480,4,Jeremy,True,9
481,481,4,Jeremy,True,6
482,482,4,Jeremy,True,7
483,483,4,Jeremy,True,2
484,484,4,Jeremy,False,6
485,485,4,Jeremy,False,20
486,486,4,Jeremy,False,10
487,487,4,Jeremy,False,15
488,488,4,Jeremy,False,4
489,489,4,Jeremy,False,22
490,490,4,Jeremy,False,1
491,491,4,Jeremy,False,2
492,492,4,Jeremy,False,4
493,493,4,Jeremy,False,6
494,494,4,Jeremy,False,4
495,495,4,Jeremy,False,5
496,496,4,Jeremy,False,9
497,497,4,Jeremy,True,3
498,498,4,Jeremy,True,3
499,499,4,Jeremy,True,4
500,500,4,Jeremy,False,2
501,501,4,Jeremy,False,5
502,502,4,Jeremy,False,1
503,503,4,Jeremy,False,2
504,504,4,Jeremy,False,7
505,505,4,Jeremy,False,3
506,506,4,Jeremy,False,15
507,507,4,Jeremy,False,3
508,508,4,Jeremy,False,4
509,509,4,Jeremy,False,1
510,510,4,Jeremy,True,4
511,511,4,Jeremy,True,5
512,512,4,Jeremy,True,3
513,513,4,Jeremy,True,5
514,514,4,Jeremy,False,1
515,515,4,Jeremy,False,2
516,516,4,Jeremy,False,2
517,517,4,Jeremy,False,11
518,518,4,Jeremy,False,6
519,519,4,Jeremy,False,12
520,520,4,Jeremy,False,10
521,521,4,Jeremy,False,2
522,522,4,Jeremy,False,5
523,523,4,Jeremy,False,4
524,524,4,Jeremy,False,2
525,525,4,Jeremy,False,4
526,526,4,Jeremy,False,4
527,527,4,Jeremy,False,1
528,528,4,Jeremy,True,8
529,529,4,Jeremy,False,9
530,530,4,Jeremy,False,1
531,531,4,Jeremy,False,1
532,532,4,Jeremy,False,7
533,533,4,Jeremy,False,2
534,534,4,Jeremy,False,8
535,535,4,Jeremy,False,1
536,536,4,Jeremy,False,4
537,537,4,Jeremy,False,4
538,538,4,Jeremy,False,6
539,539,4,Jeremy,False,8
540,540,4,Jeremy,True,5
541,541,4,Jeremy,True,10
542,542,4,Jeremy,True,7
543,543,4,Jeremy,False,7
544,544,4,Jeremy,False,7
545,545,4,Jeremy,False,3
546,546,4,Jeremy,False,20
547,547,4,Jeremy,False,4
548,548,4,Jeremy,False,7
549,549,4,Jeremy,False,24
550,550,4,Jeremy,False,2
551,551,4,Jeremy,False,5
552,552,4,Jeremy,False,9
553,553,4,Jeremy,False,11
554,554,4,Jeremy,False,12
555,555,4,Jeremy,False,1
556,556,4,Jeremy,True,1
557,557,4,Jeremy,True,5
558,558,4,Jeremy,True,5
559,559,4,Jeremy,False,7
560,560,4,Jeremy,False,6
561,561,4,Jeremy,False,5
562,562,4,Jeremy,False,2
563,563,4,Jeremy,False,4
564,564,4,Jeremy,False,10
565,565,4,Jeremy,False,16
566,566,4,Jeremy,False,5
567,567,4,Jeremy,False,4
568,568,4,Jeremy,False,3
569,569,4,Jeremy,False,7
570,570,4,Jeremy,False,3
571,571,4,Jeremy,False,17
572,572,4,Jeremy,False,7
573,573,4,Jeremy,False,4
574,574,4,Jeremy,False,12
575,575,4,Jeremy,False,4
576,576,4,Jeremy,False,2
577,577,4,Jeremy,False,2
578,578,4,Jeremy,False,6
579,579,4,Jeremy,False,3
580,580,4,Jeremy,False,8
581,581,4,Jeremy,False,2
582,582,4,Jeremy,False,1
583,583,4,Jeremy,False,16
584,584,4,Jeremy,True,4
585,585,4,Jeremy,True,4
586,586,4,Jeremy,True,5
587,587,4,Jeremy,True,12
588,588,4,Jeremy,False,1
589,589,4,Jeremy,False,2
590,590,4,Jeremy,False,11
591,591,4,Jeremy,False,5
592,592,4,Jeremy,False,2
593,593,4,Jeremy,False,1
594,594,4,Jeremy,False,9
595,595,4,Jeremy,False,20
596,596,4,Jeremy,False,2
597,597,4,Jeremy,False,1
598,598,4,Jeremy,False,2
599,599,4,Jeremy,False,2
600,600,4,Jeremy,False,2
601,601,4,Jeremy,False,7
602,602,4,Jeremy,True,4
603,603,4,Jeremy,True,4
604,604,4,Jeremy,True,9
605,605,4,Jeremy,False,4
606,606,4,Jeremy,False,3
607,607,4,Jeremy,False,7
608,608,4,Jeremy,False,5
609,609,4,Jeremy,False,8
610,610,4,Jeremy,False,3
611,611,4,Jeremy,False,5
612,612,4,Jeremy,False,4
613,613,4,Jeremy,False,6
614,614,4,Jeremy,False,6
615,615,4,Jeremy,False,1
616,616,4,Jeremy,False,12
617,617,4,Jeremy,False,3
618,618,4,Jeremy,False,14
619,619,4,Jeremy,False,5
620,620,4,Jeremy,False,5
621,621,4,Jeremy,False,3
622,622,4,Jeremy,False,4
623,623,4,Jeremy,False,4
624,624,4,Jeremy,False,2
625,625,4,Jeremy,False,8
626,626,4,Jeremy,False,3
627,627,4,Jeremy,False,5
628,628,5,Jeremy,False,10
629,629,5,Jeremy,False,1
630,630,5,Jeremy,False,14
631,631,5,Jeremy,False,4
632,632,5,Jeremy,False,3
633,633,5,Jeremy,False,19
634,634,5,Jeremy,False,2
635,635,5,Jeremy,False,2
636,636,5,Jeremy,False,4
637,637,5,Jeremy,False,6
638,638,5,Jeremy,False,8
639,639,5,Jeremy,False,1
640,640,5,Jeremy,True,6
641,641,5,Jeremy,False,40
642,642,5,Jeremy,True,5
643,643,5,Jeremy,True,12
644,644,5,Jeremy,False,2
645,645,5,Jeremy,False,2
646,646,5,Jeremy,False,3
647,647,5,Jeremy,False,2
648,648,5,Jeremy,True,5
649,649,5,Jeremy,False,13
650,650,5,Jeremy,False,5
651,651,5,Jeremy,True,4
652,652,5,Jeremy,True,1
653,653,5,Jeremy,True,3
654,654,5,Jeremy,False,2
655,655,5,Jeremy,False,2
656,656,5,Jeremy,False,3
657,657,5,Jeremy,False,4
658,658,5,Jeremy,False,1
659,659,5,Jeremy,True,2
660,660,5,Jeremy,False,2
661,661,5,Jeremy,False,8
662,662,5,Jeremy,True,2
663,663,5,Jeremy,True,5
664,664,5,Jeremy,True,7
665,665,5,Jeremy,True,6
666,666,5,Jeremy,True,11
667,667,5,Jeremy,True,5
668,668,5,Jeremy,True,7
669,669,5,Jeremy,False,5
670,670,5,Jeremy,False,3
671,671,5,Jeremy,False,1
672,672,5,Jeremy,False,8
673,673,5,Jeremy,False,5
674,674,5,Jeremy,False,5
675,675,5,Jeremy,False,4
676,676,5,Jeremy,False,2
677,677,5,Jeremy,False,3
678,678,5,Jeremy,False,3
679,679,5,Jeremy,False,4
680,680,5,Jeremy,False,12
681,681,5,Jeremy,True,1
682,682,5,Jeremy,True,5
683,683,5,Jeremy,True,3
684,684,5,Jeremy,True,3
685,685,5,Jeremy,False,5
686,686,5,Jeremy,False,4
687,687,5,Jeremy,False,3
688,688,5,Jeremy,False,7
689,689,5,Jeremy,False,5
690,690,5,Jeremy,False,4
691,691,5,Jeremy,False,1
692,692,5,Jeremy,True,13
693,693,5,Jeremy,True,7
694,694,5,Jeremy,True,5
695,695,5,Jeremy,True,4
696,696,5,Jeremy,True,5
697,697,5,Jeremy,True,8
698,698,5,Jeremy,True,3
699,699,5,Jeremy,True,4
700,700,5,Jeremy,True,4
701,701,5,Jeremy,True,6
702,702,5,Jeremy,False,9
703,703,5,Jeremy,False,17
704,704,5,Jeremy,False,1
705,705,5,Jeremy,False,24
706,706,5,Jeremy,False,4
707,707,5,Jeremy,False,4
708,708,5,Jeremy,False,9
709,709,5,Jeremy,False,5
710,710,5,Jeremy,False,13
711,711,5,Jeremy,False,7
712,712,5,Jeremy,False,4
713,713,5,Jeremy,False,2
714,714,5,Jeremy,False,8
715,715,5,Jeremy,False,12
716,716,5,Jeremy,False,6
717,717,5,Jeremy,False,3
718,718,5,Jeremy,True,6
719,719,5,Jeremy,True,8
720,720,5,Jeremy,False,1
721,721,5,Jeremy,False,1
722,722,5,Jeremy,False,1
723,723,5,Jeremy,False,4
724,724,5,Jeremy,False,7
725,725,5,Jeremy,False,4
726,726,5,Jeremy,False,3
727,727,5,Jeremy,False,3
728,728,5,Jeremy,False,8
729,729,5,Jeremy,False,5
730,730,5,Jeremy,False,4
731,731,5,Jeremy,False,2
732,732,5,Jeremy,False,4
733,733,5,Jeremy,False,13
734,734,5,Jeremy,False,12
735,735,5,Jeremy,False,2
736,736,5,Jeremy,False,14
737,737,5,Jeremy,False,3
738,738,5,Jeremy,False,9
739,739,5,Jeremy,False,9
740,740,5,Jeremy,False,4
741,741,5,Jeremy,False,5
742,742,5,Jeremy,False,7
743,743,5,Jeremy,False,22
744,744,5,Jeremy,False,7
745,745,5,Jeremy,False,2
746,746,5,Jeremy,False,5
747,747,5,Jeremy,False,2
748,748,5,Jeremy,False,6
749,749,5,Jeremy,False,2
750,750,5,Jeremy,False,3
751,751,5,Jeremy,False,7
752,752,5,Jeremy,False,16
753,753,5,Jeremy,False,5
754,754,5,Jeremy,False,2
755,755,5,Jeremy,False,2
756,756,5,Jeremy,False,3
757,757,5,Jeremy,False,3
758,758,5,Jeremy,False,10
759,759,5,Jeremy,False,3
760,760,5,Jeremy,False,3
761,761,5,Jeremy,False,1
762,762,5,Jeremy,False,1
763,763,5,Jeremy,False,3
764,764,5,Jeremy,False,4
765,765,5,Jeremy,False,37
766,766,5,Jeremy,False,2
767,767,5,Jeremy,False,4
768,768,5,Jeremy,False,5
769,769,5,Jeremy,False,6
770,770,5,Jeremy,False,7
771,771,5,Jeremy,False,6
772,772,5,Jeremy,False,2
773,773,5,Jeremy,False,5
774,774,5,Jeremy,False,3
775,775,5,Jeremy,False,4
776,776,5,Jeremy,False,5
777,777,5,Jeremy,False,5
778,778,5,Jeremy,False,11
779,779,5,Jeremy,False,4
780,780,5,Jeremy,False,5
781,781,5,Jeremy,False,4
782,782,5,Jeremy,False,7
783,783,5,Jeremy,False,6
784,784,5,Jeremy,False,1
785,785,5,Jeremy,False,4
786,786,5,Jeremy,False,4
787,787,5,Jeremy,False,10
788,788,5,Jeremy,False,3
789,789,5,Jeremy,False,6
790,790,5,Jeremy,False,2
791,791,5,Jeremy,False,5
792,792,5,Jeremy,False,5
793,793,5,Jeremy,False,5
794,794,6,Jeremy,False,1
795,795,6,Jeremy,False,2
796,796,6,Jeremy,False,2
797,797,6,Jeremy,False,15
798,798,6,Jeremy,False,1
799,799,6,Jeremy,False,12
800,800,6,Jeremy,False,5
801,801,6,Jeremy,False,2
802,802,6,Jeremy,False,8
803,803,6,Jeremy,False,5
804,804,6,Jeremy,False,4
805,805,6,Jeremy,False,4
806,806,6,Jeremy,False,7
807,807,6,Jeremy,False,3
808,808,6,Jeremy,False,4
809,809,6,Jeremy,False,1
810,810,6,Jeremy,False,1
811,811,6,Jeremy,False,1
812,812,6,Jeremy,False,9
813,813,6,Jeremy,False,5
814,814,6,Jeremy,False,12
815,815,6,Jeremy,False,6
816,816,6,Jeremy,False,5
817,817,6,Jeremy,False,1
818,818,6,Jeremy,False,1
819,819,6,Jeremy,True,7
820,820,6,Jeremy,True,4
821,821,6,Jeremy,True,2
822,822,6,Jeremy,True,7
823,823,6,Jeremy,True,4
824,824,6,Jeremy,True,4
825,825,6,Jeremy,True,4
826,826,6,Jeremy,True,2
827,827,6,Jeremy,False,1
828,828,6,Jeremy,False,1
829,829,6,Jeremy,False,2
830,830,6,Jeremy,False,1
831,831,6,Jeremy,True,2
832,832,6,Jeremy,True,5
833,833,6,Jeremy,True,9
834,834,6,Jeremy,False,6
835,835,6,Jeremy,False,3
836,836,6,Jeremy,False,1
837,837,6,Jeremy,False,2
838,838,6,Jeremy,False,2
839,839,6,Jeremy,False,2
840,840,6,Jeremy,False,16
841,841,6,Jeremy,False,7
842,842,6,Jeremy,False,1
843,843,6,Jeremy,False,5
844,844,6,Jeremy,False,10
845,845,6,Jeremy,False,7
846,846,6,Jeremy,False,3
847,847,6,Jeremy,False,7
848,848,6,Jeremy,False,9
849,849,6,Jeremy,False,1
850,850,6,Jeremy,False,9
851,851,6,Jeremy,False,8
852,852,6,Jeremy,False,4
853,853,6,Jeremy,True,23
854,854,6,Jeremy,False,7
855,855,6,Jeremy,False,4
856,856,6,Jeremy,False,1
857,857,6,Jeremy,False,12
858,858,6,Jeremy,True,18
859,859,6,Jeremy,True,18
860,860,6,Jeremy,False,11
861,861,6,Jeremy,False,7
862,862,6,Jeremy,False,1
863,863,6,Jeremy,True,11
864,864,6,Jeremy,True,8
865,865,6,Jeremy,True,3
866,866,6,Jeremy,True,3
867,867,6,Jeremy,True,2
868,868,6,Jeremy,False,7
869,869,6,Jeremy,False,2
870,870,6,Jeremy,False,9
871,871,6,Jeremy,False,22
872,872,6,Jeremy,False,29
873,873,6,Jeremy,False,92
874,874,6,Jeremy,False,1
875,875,6,Jeremy,False,13
876,876,6,Jeremy,False,1
877,877,6,Jeremy,False,3
878,878,6,Jeremy,True,3
879,879,6,Jeremy,True,15
880,880,6,Jeremy,True,5
881,881,6,Jeremy,False,3
882,882,6,Jeremy,False,3
883,883,6,Jeremy,False,8
884,884,6,Jeremy,False,4
885,885,6,Jeremy,False,8
886,886,6,Jeremy,False,1
887,887,6,Jeremy,False,1
888,888,6,Jeremy,False,5
889,889,6,Jeremy,False,3
890,890,6,Jeremy,False,3
891,891,6,Jeremy,True,5
892,892,6,Jeremy,True,20
893,893,6,Jeremy,True,3
894,894,6,Jeremy,True,15
895,895,6,Jeremy,True,4
896,896,6,Jeremy,True,1
897,897,6,Jeremy,True,6
898,898,6,Jeremy,True,1
899,899,6,Jeremy,True,5
900,900,6,Jeremy,True,7
901,901,6,Jeremy,True,3
902,902,6,Jeremy,True,9
903,903,6,Jeremy,True,9
904,904,6,Jeremy,False,1
905,905,6,Jeremy,False,6
906,906,6,Jeremy,True,22
907,907,6,Jeremy,True,13
908,908,6,Jeremy,True,12
909,909,6,Jeremy,False,1
910,910,6,Jeremy,False,6
911,911,6,Jeremy,True,9
912,912,6,Jeremy,True,8
913,913,6,Jeremy,False,4
914,914,6,Jeremy,False,8
915,915,6,Jeremy,True,10
916,916,6,Jeremy,False,2
917,917,6,Jeremy,False,9
918,918,6,Jeremy,False,19
919,919,6,Jeremy,False,2
920,920,6,Jeremy,False,18
921,921,6,Jeremy,False,6
922,922,6,Jeremy,False,3
923,923,6,Jeremy,False,7
924,924,6,Jeremy,False,6
925,925,6,Jeremy,False,17
926,926,6,Jeremy,True,7
927,927,6,Jeremy,True,12
928,928,6,Jeremy,True,5
929,929,6,Jeremy,True,6
930,930,6,Jeremy,True,3
931,931,6,Jeremy,False,2
932,932,6,Jeremy,False,8
933,933,6,Jeremy,False,2
934,934,6,Jeremy,False,2
935,935,6,Jeremy,False,4
936,936,6,Jeremy,False,11
937,937,6,Jeremy,False,7
938,938,6,Jeremy,False,4
939,939,6,Jeremy,False,5
940,940,6,Jeremy,False,10
941,941,6,Jeremy,False,21
942,942,6,Jeremy,False,2
943,943,6,Jeremy,False,7
944,944,6,Jeremy,False,4
945,945,6,Jeremy,False,7
946,946,6,Jeremy,False,1
947,947,6,Jeremy,False,5
948,948,6,Jeremy,False,8
949,949,6,Jeremy,False,3
950,950,6,Jeremy,False,2
951,951,6,Jeremy,False,1
952,952,6,Jeremy,False,3
953,953,6,Jeremy,False,1
954,954,6,Jeremy,False,3
955,955,6,Jeremy,False,6
956,956,6,Jeremy,False,4
957,957,6,Jeremy,False,6
958,958,6,Jeremy,False,3
959,959,6,Jeremy,False,7
960,960,6,Jeremy,False,1
961,961,6,Jeremy,False,4
962,962,6,Jeremy,False,4
963,963,6,Jeremy,False,6
964,964,6,Jeremy,False,4
965,965,6,Jeremy,False,7
966,966,6,Jeremy,False,10
967,967,6,Jeremy,False,1
968,968,6,Jeremy,False,10
969,969,6,Jeremy,False,7
970,970,6,Jeremy,False,11
971,971,6,Jeremy,False,11
972,972,6,Jeremy,False,3
973,973,6,Jeremy,False,3
974,974,6,Jeremy,False,1
975,975,6,Jeremy,False,8
976,976,6,Jeremy,False,2
977,977,6,Jeremy,False,3
978,978,6,Jeremy,False,2
979,979,6,Jeremy,False,1
980,980,6,Jeremy,False,3
981,981,6,Jeremy,True,5
982,982,6,Jeremy,True,8
983,983,6,Jeremy,True,8
984,984,6,Jeremy,True,6
985,985,6,Jeremy,True,14
986,986,1,Mark,True,6
987,987,1,Mark,True,7
988,988,1,Mark,True,2
989,989,1,Mark,True,2
990,990,1,Mark,True,10
991,991,1,Mark,True,3
992,992,1,Mark,True,1
993,993,1,Mark,True,4
994,994,1,Mark,False,1
995,995,1,Mark,False,3
996,996,1,Mark,False,3
997,997,1,Mark,False,4
998,998,1,Mark,False,3
999,999,1,Mark,True,3
1000,1000,1,Mark,True,1
1001,1001,1,Mark,True,3
1002,1002,1,Mark,True,3
1003,1003,1,Mark,True,4
1004,1004,1,Mark,True,17
1005,1005,1,Mark,True,9
1006,1006,1,Mark,False,10
1007,1007,1,Mark,True,7
1008,1008,1,Mark,True,9
1009,1009,1,Mark,True,3
1010,1010,1,Mark,True,3
1011,1011,1,Mark,True,9
1012,1012,1,Mark,True,10
1013,1013,1,Mark,True,3
1014,1014,1,Mark,True,12
1015,1015,1,Mark,False,4
1016,1016,1,Mark,True,4
1017,1017,1,Mark,True,5
1018,1018,1,Mark,True,12
1019,1019,1,Mark,True,25
1020,1020,1,Mark,True,1
1021,1021,1,Mark,True,9
1022,1022,1,Mark,False,2
1023,1023,1,Mark,False,1
1024,1024,1,Mark,False,1
1025,1025,1,Mark,False,2
1026,1026,1,Mark,False,7
1027,1027,1,Mark,False,2
1028,1028,1,Mark,False,3
1029,1029,1,Mark,True,7
1030,1030,1,Mark,True,5
1031,1031,1,Mark,False,1
1032,1032,1,Mark,False,7
1033,1033,1,Mark,True,4
1034,1034,1,Mark,True,2
1035,1035,1,Mark,True,7
1036,1036,1,Mark,True,8
1037,1037,1,Mark,True,13
1038,1038,1,Mark,True,4
1039,1039,1,Mark,True,13
1040,1040,1,Mark,True,3
1041,1041,1,Mark,False,4
1042,1042,1,Mark,False,22
1043,1043,1,Mark,False,1
1044,1044,1,Mark,False,7
1045,1045,1,Mark,False,3
1046,1046,1,Mark,True,2
1047,1047,1,Mark,False,3
1048,1048,1,Mark,False,7
1049,1049,1,Mark,True,4
1050,1050,1,Mark,True,4
1051,1051,1,Mark,True,7
1052,1052,1,Mark,True,4
1053,1053,1,Mark,False,5
1054,1054,1,Mark,False,3
1055,1055,1,Mark,False,1
1056,1056,1,Mark,False,4
1057,1057,1,Mark,False,4
1058,1058,1,Mark,True,2
1059,1059,1,Mark,False,5
1060,1060,1,Mark,True,8
1061,1061,1,Mark,False,5
1062,1062,1,Mark,False,9
1063,1063,1,Mark,False,3
1064,1064,1,Mark,False,5
1065,1065,1,Mark,False,6
1066,1066,1,Mark,False,6
1067,1067,1,Mark,False,2
1068,1068,1,Mark,False,4
1069,1069,1,Mark,False,7
1070,1070,1,Mark,False,5
1071,1071,1,Mark,False,2
1072,1072,1,Mark,False,4
1073,1073,1,Mark,False,10
1074,1074,1,Mark,False,6
1075,1075,1,Mark,False,1
1076,1076,1,Mark,True,3
1077,1077,1,Mark,True,6
1078,1078,1,Mark,True,8
1079,1079,1,Mark,True,6
1080,1080,1,Mark,True,9
1081,1081,1,Mark,False,4
1082,1082,1,Mark,False,4
1083,1083,1,Mark,False,14
1084,1084,1,Mark,False,12
1085,1085,1,Mark,False,5
1086,1086,1,Mark,False,7
1087,1087,1,Mark,False,8
1088,1088,1,Mark,False,7
1089,1089,1,Mark,False,7
1090,1090,1,Mark,False,15
1091,1091,1,Mark,True,4
1092,1092,1,Mark,True,9
1093,1093,1,Mark,False,2
1094,1094,1,Mark,False,3
1095,1095,1,Mark,False,2
1096,1096,1,Mark,False,18
1097,1097,1,Mark,False,3
1098,1098,1,Mark,False,2
1099,1099,1,Mark,False,5
1100,1100,1,Mark,False,4
1101,1101,1,Mark,False,5
1102,1102,1,Mark,True,6
1103,1103,1,Mark,True,4
1104,1104,1,Mark,True,10
1105,1105,1,Mark,True,5
1106,1106,1,Mark,True,2
1107,1107,1,Mark,True,8
1108,1108,1,Mark,True,11
1109,1109,1,Mark,False,2
1110,1110,1,Mark,True,2
1111,1111,1,Mark,True,4
1112,1112,1,Mark,True,3
1113,1113,1,Mark,True,4
1114,1114,1,Mark,True,5
1115,1115,1,Mark,False,22
1116,1116,1,Mark,False,5
1117,1117,1,Mark,False,4
1118,1118,1,Mark,False,3
1119,1119,1,Mark,False,1
1120,1120,1,Mark,False,1
1121,1121,1,Mark,False,1
1122,1122,1,Mark,False,4
1123,1123,1,Mark,False,2
1124,1124,1,Mark,True,6
1125,1125,1,Mark,True,11
1126,1126,1,Mark,True,4
1127,1127,1,Mark,True,13
1128,1128,1,Mark,True,9
1129,1129,1,Mark,False,3
1130,1130,1,Mark,False,4
1131,1131,1,Mark,False,4
1132,1132,1,Mark,False,9
1133,1133,1,Mark,False,8
1134,1134,1,Mark,False,13
1135,1135,1,Mark,False,15
1136,1136,1,Mark,False,6
1137,1137,1,Mark,True,12
1138,1138,1,Mark,True,11
1139,1139,1,Mark,True,8
1140,1140,1,Mark,False,1
1141,1141,1,Mark,False,4
1142,1142,1,Mark,False,3
1143,1143,1,Mark,False,3
1144,1144,1,Mark,False,12
1145,1145,1,Mark,False,1
1146,1146,1,Mark,False,3
1147,1147,1,Mark,False,7
1148,1148,1,Mark,False,5
1149,1149,1,Mark,False,6
1150,1150,1,Mark,False,1
1151,1151,1,Mark,False,21
1152,1152,1,Mark,True,9
1153,1153,1,Mark,True,5
1154,1154,1,Mark,True,12
1155,1155,1,Mark,True,11
1156,1156,1,Mark,True,5
1157,1157,1,Mark,True,3
1158,1158,1,Mark,False,6
1159,1159,1,Mark,False,1
1160,1160,1,Mark,False,1
1161,1161,1,Mark,False,5
1162,1162,1,Mark,False,5
1163,1163,1,Mark,False,4
1164,1164,1,Mark,False,4
1165,1165,1,Mark,False,4
1166,1166,1,Mark,True,4
1167,1167,1,Mark,True,4
1168,1168,1,Mark,True,4
1169,1169,1,Mark,True,1
1170,1170,1,Mark,True,1
1171,1171,1,Mark,True,1
1172,1172,1,Mark,False,2
1173,1173,1,Mark,False,1
1174,1174,1,Mark,False,5
1175,1175,1,Mark,False,11
1176,1176,1,Mark,False,7
1177,1177,1,Mark,False,6
1178,1178,1,Mark,True,10
1179,1179,1,Mark,True,9
1180,1180,1,Mark,True,3
1181,1181,1,Mark,False,11
1182,1182,1,Mark,False,5
1183,1183,1,Mark,True,1
1184,1184,1,Mark,True,4
1185,1185,1,Mark,True,4
1186,1186,1,Mark,True,4
1187,1187,1,Mark,True,1
1188,1188,1,Mark,False,14
1189,1189,1,Mark,False,12
1190,1190,1,Mark,True,6
1191,1191,1,Mark,False,16
1192,1192,1,Mark,False,5
1193,1193,1,Mark,False,7
1194,1194,1,Mark,False,4
1195,1195,1,Mark,False,23
1196,1196,1,Mark,False,6
1197,1197,1,Mark,True,3
1198,1198,1,Mark,True,4
1199,1199,1,Mark,True,6
1200,1200,1,Mark,True,3
1201,1201,1,Mark,False,7
1202,1202,1,Mark,False,7
1203,1203,1,Mark,False,2
1204,1204,1,Mark,True,3
1205,1205,1,Mark,True,7
1206,1206,1,Mark,True,4
1207,1207,1,Mark,True,20
1208,1208,1,Mark,True,2
1209,1209,1,Mark,True,1
1210,1210,1,Mark,True,2
1211,1211,1,Mark,True,7
1212,1212,1,Mark,True,8
1213,1213,1,Mark,True,5
1214,1214,1,Mark,False,4
1215,1215,1,Mark,False,24
1216,1216,1,Mark,True,7
1217,1217,1,Mark,True,1
1218,1218,1,Mark,True,1
1219,1219,1,Mark,False,1
1220,1220,1,Mark,False,5
1221,1221,1,Mark,False,2
1222,1222,1,Mark,False,7
1223,1223,1,Mark,False,1
1224,1224,1,Mark,False,6
1225,1225,1,Mark,False,14
1226,1226,1,Mark,False,9
1227,1227,1,Mark,False,3
1228,1228,1,Mark,False,1
1229,1229,1,Mark,True,4
1230,1230,1,Mark,True,3
1231,1231,1,Mark,True,6
1232,1232,1,Mark,True,12
1233,1233,1,Mark,True,1
1234,1234,1,Mark,True,2
1235,1235,1,Mark,True,6
1236,1236,1,Mark,True,8
1237,1237,2,Mark,True,8
1238,1238,2,Mark,True,4
1239,1239,2,Mark,True,8
1240,1240,2,Mark,True,13
1241,1241,2,Mark,True,8
1242,1242,2,Mark,True,8
1243,1243,2,Mark,True,7
1244,1244,2,Mark,True,6
1245,1245,2,Mark,True,12
1246,1246,2,Mark,False,2
1247,1247,2,Mark,False,14
1248,1248,2,Mark,False,11
1249,1249,2,Mark,False,11
1250,1250,2,Mark,False,17
1251,1251,2,Mark,False,7
1252,1252,2,Mark,False,20
1253,1253,2,Mark,False,10
1254,1254,2,Mark,False,4
1255,1255,2,Mark,False,11
1256,1256,2,Mark,False,15
1257,1257,2,Mark,False,1
1258,1258,2,Mark,False,1
1259,1259,2,Mark,False,23
1260,1260,2,Mark,False,3
1261,1261,2,Mark,False,6
1262,1262,2,Mark,False,3
1263,1263,2,Mark,False,3
1264,1264,2,Mark,True,2
1265,1265,2,Mark,True,9
1266,1266,2,Mark,True,8
1267,1267,2,Mark,False,4
1268,1268,2,Mark,True,2
1269,1269,2,Mark,False,1
1270,1270,2,Mark,False,2
1271,1271,2,Mark,True,8
1272,1272,2,Mark,True,4
1273,1273,2,Mark,True,5
1274,1274,2,Mark,True,8
1275,1275,2,Mark,False,15
1276,1276,2,Mark,False,10
1277,1277,2,Mark,False,1
1278,1278,2,Mark,False,2
1279,1279,2,Mark,True,6
1280,1280,2,Mark,True,6
1281,1281,2,Mark,True,2
1282,1282,2,Mark,True,3
1283,1283,2,Mark,False,2
1284,1284,2,Mark,True,4
1285,1285,2,Mark,False,3
1286,1286,2,Mark,False,9
1287,1287,2,Mark,False,6
1288,1288,2,Mark,False,5
1289,1289,2,Mark,False,5
1290,1290,2,Mark,False,5
1291,1291,2,Mark,False,2
1292,1292,2,Mark,True,2
1293,1293,2,Mark,True,4
1294,1294,2,Mark,True,4
1295,1295,2,Mark,True,3
1296,1296,2,Mark,True,4
1297,1297,2,Mark,True,6
1298,1298,2,Mark,True,5
1299,1299,2,Mark,True,8
1300,1300,2,Mark,True,4
1301,1301,2,Mark,True,5
1302,1302,2,Mark,True,6
1303,1303,2,Mark,True,3
1304,1304,2,Mark,True,5
1305,1305,2,Mark,True,2
1306,1306,2,Mark,True,7
1307,1307,2,Mark,True,4
1308,1308,2,Mark,True,8
1309,1309,2,Mark,True,3
1310,1310,2,Mark,True,2
1311,1311,2,Mark,True,3
1312,1312,2,Mark,True,15
1313,1313,2,Mark,True,2
1314,1314,2,Mark,True,3
1315,1315,2,Mark,True,3
1316,1316,2,Mark,True,9
1317,1317,2,Mark,True,4
1318,1318,2,Mark,True,2
1319,1319,2,Mark,True,2
1320,1320,2,Mark,True,7
1321,1321,2,Mark,True,4
1322,1322,2,Mark,True,7
1323,1323,2,Mark,True,3
1324,1324,2,Mark,True,13
1325,1325,2,Mark,True,1
1326,1326,2,Mark,True,15
1327,1327,2,Mark,True,6
1328,1328,2,Mark,True,6
1329,1329,2,Mark,True,8
1330,1330,2,Mark,True,13
1331,1331,2,Mark,True,4
1332,1332,2,Mark,True,2
1333,1333,2,Mark,True,2
1334,1334,2,Mark,True,7
1335,1335,2,Mark,True,15
1336,1336,2,Mark,True,12
1337,1337,2,Mark,False,5
1338,1338,2,Mark,False,2
1339,1339,2,Mark,False,2
1340,1340,2,Mark,False,12
1341,1341,2,Mark,False,18
1342,1342,2,Mark,True,4
1343,1343,2,Mark,False,7
1344,1344,2,Mark,False,6
1345,1345,2,Mark,True,10
1346,1346,2,Mark,False,1
1347,1347,2,Mark,False,17
1348,1348,2,Mark,True,11
1349,1349,2,Mark,True,11
1350,1350,2,Mark,False,7
1351,1351,2,Mark,False,2
1352,1352,2,Mark,False,4
1353,1353,2,Mark,False,5
1354,1354,2,Mark,False,8
1355,1355,2,Mark,False,10
1356,1356,2,Mark,False,13
1357,1357,2,Mark,False,12
1358,1358,2,Mark,False,8
1359,1359,2,Mark,False,2
1360,1360,2,Mark,False,3
1361,1361,2,Mark,False,1
1362,1362,2,Mark,False,2
1363,1363,2,Mark,False,11
1364,1364,2,Mark,False,3
1365,1365,2,Mark,False,8
1366,1366,2,Mark,False,40
1367,1367,2,Mark,False,4
1368,1368,2,Mark,False,33
1369,1369,2,Mark,False,4
1370,1370,2,Mark,False,3
1371,1371,2,Mark,False,6
1372,1372,2,Mark,False,4
1373,1373,2,Mark,False,7
1374,1374,2,Mark,False,1
1375,1375,2,Mark,False,2
1376,1376,2,Mark,False,1
1377,1377,2,Mark,False,6
1378,1378,2,Mark,False,4
1379,1379,2,Mark,False,7
1380,1380,2,Mark,False,3
1381,1381,2,Mark,False,3
1382,1382,2,Mark,False,8
1383,1383,2,Mark,False,10
1384,1384,2,Mark,False,6
1385,1385,2,Mark,False,7
1386,1386,2,Mark,False,7
1387,1387,2,Mark,False,4
1388,1388,2,Mark,False,10
1389,1389,2,Mark,False,30
1390,1390,2,Mark,False,9
1391,1391,2,Mark,False,5
1392,1392,2,Mark,False,1
1393,1393,2,Mark,True,7
1394,1394,2,Mark,True,2
1395,1395,2,Mark,True,36
1396,1396,2,Mark,True,22
1397,1397,2,Mark,True,1
1398,1398,2,Mark,True,7
1399,1399,2,Mark,True,2
1400,1400,2,Mark,True,4
1401,1401,2,Mark,True,7
1402,1402,2,Mark,True,4
1403,1403,2,Mark,True,5
1404,1404,2,Mark,True,5
1405,1405,2,Mark,False,3
1406,1406,2,Mark,False,2
1407,1407,2,Mark,False,2
1408,1408,2,Mark,False,7
1409,1409,2,Mark,False,7
1410,1410,2,Mark,True,1
1411,1411,2,Mark,True,4
1412,1412,2,Mark,True,18
1413,1413,2,Mark,True,10
1414,1414,2,Mark,True,7
1415,1415,2,Mark,True,7
1416,1416,2,Mark,True,1
1417,1417,2,Mark,True,5
1418,1418,2,Mark,False,1
1419,1419,2,Mark,False,3
1420,1420,2,Mark,False,2
1421,1421,2,Mark,False,1
1422,1422,2,Mark,False,2
1423,1423,2,Mark,False,6
1424,1424,2,Mark,False,2
1425,1425,2,Mark,False,8
1426,1426,2,Mark,False,11
1427,1427,2,Mark,False,4
1428,1428,2,Mark,False,3
1429,1429,2,Mark,False,4
1430,1430,2,Mark,False,4
1431,1431,2,Mark,False,11
1432,1432,2,Mark,True,6
1433,1433,2,Mark,True,3
1434,1434,2,Mark,True,5
1435,1435,2,Mark,True,4
1436,1436,2,Mark,True,8
1437,1437,2,Mark,True,4
1438,1438,2,Mark,True,1
1439,1439,2,Mark,True,3
1440,1440,2,Mark,True,1
1441,1441,2,Mark,True,2
1442,1442,2,Mark,True,4
1443,1443,2,Mark,False,2
1444,1444,2,Mark,False,2
1445,1445,2,Mark,False,1
1446,1446,2,Mark,False,6
1447,1447,2,Mark,True,7
1448,1448,2,Mark,False,9
1449,1449,2,Mark,False,8
1450,1450,2,Mark,False,22
1451,1451,2,Mark,False,8
1452,1452,2,Mark,False,1
1453,1453,2,Mark,False,2
1454,1454,2,Mark,False,2
1455,1455,2,Mark,False,2
1456,1456,2,Mark,False,2
1457,1457,2,Mark,False,1
1458,1458,2,Mark,False,7
1459,1459,2,Mark,False,9
1460,1460,2,Mark,True,7
1461,1461,2,Mark,False,15
1462,1462,2,Mark,False,6
1463,1463,2,Mark,False,3
1464,1464,2,Mark,False,5
1465,1465,2,Mark,False,14
1466,1466,2,Mark,False,16
1467,1467,2,Mark,False,1
1468,1468,2,Mark,False,2
1469,1469,2,Mark,False,2
1470,1470,2,Mark,False,6
1471,1471,2,Mark,False,13
1472,1472,2,Mark,False,1
1473,1473,2,Mark,False,2
1474,1474,2,Mark,False,5
1475,1475,2,Mark,False,2
1476,1476,2,Mark,False,4
1477,1477,2,Mark,False,3
1478,1478,2,Mark,False,6
1479,1479,2,Mark,False,8
1480,1480,2,Mark,False,5
1481,1481,2,Mark,False,2
1482,1482,2,Mark,True,16
1483,1483,2,Mark,True,3
1484,1484,3,Mark,True,4
1485,1485,3,Mark,True,4
1486,1486,3,Mark,True,17
1487,1487,3,Mark,True,3
1488,1488,3,Mark,True,5
1489,1489,3,Mark,True,14
1490,1490,3,Mark,False,2
1491,1491,3,Mark,False,3
1492,1492,3,Mark,False,8
1493,1493,3,Mark,False,7
1494,1494,3,Mark,False,20
1495,1495,3,Mark,False,13
1496,1496,3,Mark,False,5
1497,1497,3,Mark,False,5
1498,1498,3,Mark,False,5
1499,1499,3,Mark,False,4
1500,1500,3,Mark,False,5
1501,1501,3,Mark,False,1
1502,1502,3,Mark,False,17
1503,1503,3,Mark,False,4
1504,1504,3,Mark,False,9
1505,1505,3,Mark,False,1
1506,1506,3,Mark,False,13
1507,1507,3,Mark,False,10
1508,1508,3,Mark,False,3
1509,1509,3,Mark,False,3
1510,1510,3,Mark,False,14
1511,1511,3,Mark,False,2
1512,1512,3,Mark,False,8
1513,1513,3,Mark,True,11
1514,1514,3,Mark,True,7
1515,1515,3,Mark,True,5
1516,1516,3,Mark,True,16
1517,1517,3,Mark,True,13
1518,1518,3,Mark,True,3
1519,1519,3,Mark,True,3
1520,1520,3,Mark,True,7
1521,1521,3,Mark,True,5
1522,1522,3,Mark,True,11
1523,1523,3,Mark,True,13
1524,1524,3,Mark,True,4
1525,1525,3,Mark,True,14
1526,1526,3,Mark,True,11
1527,1527,3,Mark,True,9
1528,1528,3,Mark,True,1
1529,1529,3,Mark,True,1
1530,1530,3,Mark,True,1
1531,1531,3,Mark,True,1
1532,1532,3,Mark,True,1
1533,1533,3,Mark,False,2
1534,1534,3,Mark,False,6
1535,1535,3,Mark,False,1
1536,1536,3,Mark,False,6
1537,1537,3,Mark,False,2
1538,1538,3,Mark,False,6
1539,1539,3,Mark,False,11
1540,1540,3,Mark,False,10
1541,1541,3,Mark,False,12
1542,1542,3,Mark,False,15
1543,1543,3,Mark,True,7
1544,1544,3,Mark,True,6
1545,1545,3,Mark,True,5
1546,1546,3,Mark,False,5
1547,1547,3,Mark,False,7
1548,1548,3,Mark,False,3
1549,1549,3,Mark,False,13
1550,1550,3,Mark,False,4
1551,1551,3,Mark,False,21
1552,1552,3,Mark,False,14
1553,1553,3,Mark,False,6
1554,1554,3,Mark,False,8
1555,1555,3,Mark,False,1
1556,1556,3,Mark,False,2
1557,1557,3,Mark,False,2
1558,1558,3,Mark,False,3
1559,1559,3,Mark,True,8
1560,1560,3,Mark,True,15
1561,1561,3,Mark,True,3
1562,1562,3,Mark,True,4
1563,1563,3,Mark,True,14
1564,1564,3,Mark,False,4
1565,1565,3,Mark,False,1
1566,1566,3,Mark,False,2
1567,1567,3,Mark,True,9
1568,1568,3,Mark,False,1
1569,1569,3,Mark,True,3
1570,1570,3,Mark,True,5
1571,1571,3,Mark,True,3
1572,1572,3,Mark,False,5
1573,1573,3,Mark,False,3
1574,1574,3,Mark,False,4
1575,1575,3,Mark,False,4
1576,1576,3,Mark,False,4
1577,1577,3,Mark,False,5
1578,1578,3,Mark,False,10
1579,1579,3,Mark,True,4
1580,1580,3,Mark,True,9
1581,1581,3,Mark,True,15
1582,1582,3,Mark,False,2
1583,1583,3,Mark,False,2
1584,1584,3,Mark,False,6
1585,1585,3,Mark,False,6
1586,1586,3,Mark,False,1
1587,1587,3,Mark,True,3
1588,1588,3,Mark,False,5
1589,1589,3,Mark,False,6
1590,1590,3,Mark,False,7
1591,1591,3,Mark,True,4
1592,1592,3,Mark,False,2
1593,1593,3,Mark,False,1
1594,1594,3,Mark,False,7
1595,1595,3,Mark,True,3
1596,1596,3,Mark,True,3
1597,1597,3,Mark,True,3
1598,1598,3,Mark,False,2
1599,1599,3,Mark,False,3
1600,1600,3,Mark,False,3
1601,1601,3,Mark,False,3
1602,1602,3,Mark,False,24
1603,1603,3,Mark,False,3
1604,1604,3,Mark,False,1
1605,1605,3,Mark,False,1
1606,1606,3,Mark,False,3
1607,1607,3,Mark,False,6
1608,1608,3,Mark,False,3
1609,1609,3,Mark,False,9
1610,1610,3,Mark,False,4
1611,1611,3,Mark,False,4
1612,1612,3,Mark,True,13
1613,1613,3,Mark,True,2
1614,1614,3,Mark,True,14
1615,1615,3,Mark,True,1
1616,1616,3,Mark,False,3
1617,1617,3,Mark,False,9
1618,1618,3,Mark,True,3
1619,1619,3,Mark,True,9
1620,1620,3,Mark,True,4
1621,1621,3,Mark,True,1
1622,1622,3,Mark,True,2
1623,1623,3,Mark,True,5
1624,1624,3,Mark,True,3
1625,1625,3,Mark,True,2
1626,1626,3,Mark,True,3
1627,1627,3,Mark,True,1
1628,1628,3,Mark,False,1
1629,1629,3,Mark,False,1
1630,1630,3,Mark,True,5
1631,1631,3,Mark,True,6
1632,1632,3,Mark,False,4
1633,1633,3,Mark,False,4
1634,1634,3,Mark,False,14
1635,1635,3,Mark,False,3
1636,1636,3,Mark,False,2
1637,1637,3,Mark,False,5
1638,1638,3,Mark,False,8
1639,1639,3,Mark,False,4
1640,1640,3,Mark,True,4
1641,1641,3,Mark,False,2
1642,1642,3,Mark,False,6
1643,1643,3,Mark,False,6
1644,1644,3,Mark,False,5
1645,1645,3,Mark,False,10
1646,1646,3,Mark,True,1
1647,1647,3,Mark,True,1
1648,1648,3,Mark,True,2
1649,1649,3,Mark,False,1
1650,1650,3,Mark,False,15
1651,1651,3,Mark,False,3
1652,1652,3,Mark,False,2
1653,1653,3,Mark,False,5
1654,1654,3,Mark,False,9
1655,1655,3,Mark,True,6
1656,1656,3,Mark,True,4
1657,1657,3,Mark,True,8
1658,1658,3,Mark,True,3
1659,1659,3,Mark,True,3
1660,1660,3,Mark,False,7
1661,1661,3,Mark,False,4
1662,1662,3,Mark,False,7
1663,1663,3,Mark,False,4
1664,1664,3,Mark,False,3
1665,1665,3,Mark,False,5
1666,1666,3,Mark,False,5
1667,1667,3,Mark,False,7
1668,1668,3,Mark,False,2
1669,1669,3,Mark,False,6
1670,1670,3,Mark,False,6
1671,1671,3,Mark,False,16
1672,1672,3,Mark,True,4
1673,1673,3,Mark,True,9
1674,1674,3,Mark,True,3
1675,1675,3,Mark,True,2
1676,1676,3,Mark,True,13
1677,1677,3,Mark,True,13
1678,1678,3,Mark,True,15
1679,1679,3,Mark,True,1
1680,1680,3,Mark,True,5
1681,1681,3,Mark,True,7
1682,1682,3,Mark,True,10
1683,1683,3,Mark,True,7
1684,1684,3,Mark,True,6
1685,1685,3,Mark,True,6
1686,1686,3,Mark,True,4
1687,1687,3,Mark,True,7
1688,1688,3,Mark,True,5
1689,1689,3,Mark,True,5
1690,1690,3,Mark,True,3
1691,1691,3,Mark,True,5
1692,1692,3,Mark,False,2
1693,1693,3,Mark,False,2
1694,1694,3,Mark,False,3
1695,1695,3,Mark,False,9
1696,1696,3,Mark,False,3
1697,1697,3,Mark,False,6
1698,1698,3,Mark,False,2
1699,1699,3,Mark,False,8
1700,1700,3,Mark,False,6
1701,1701,3,Mark,False,10
1702,1702,3,Mark,False,5
1703,1703,3,Mark,True,10
1704,1704,3,Mark,True,2
1705,1705,3,Mark,True,4
1706,1706,3,Mark,False,6
1707,1707,3,Mark,False,6
1708,1708,4,Mark,True,4
1709,1709,4,Mark,True,3
1710,1710,4,Mark,True,3
1711,1711,4,Mark,False,3
1712,1712,4,Mark,True,2
1713,1713,4,Mark,True,4
1714,1714,4,Mark,True,1
1715,1715,4,Mark,True,6
1716,1716,4,Mark,False,1
1717,1717,4,Mark,False,3
1718,1718,4,Mark,True,5
1719,1719,4,Mark,True,6
1720,1720,4,Mark,False,5
1721,1721,4,Mark,False,2
1722,1722,4,Mark,True,6
1723,1723,4,Mark,True,7
1724,1724,4,Mark,False,1
1725,1725,4,Mark,False,1
1726,1726,4,Mark,False,2
1727,1727,4,Mark,False,5
1728,1728,4,Mark,False,2
1729,1729,4,Mark,False,1
1730,1730,4,Mark,False,1
1731,1731,4,Mark,True,3
1732,1732,4,Mark,True,4
1733,1733,4,Mark,False,1
1734,1734,4,Mark,False,3
1735,1735,4,Mark,False,2
1736,1736,4,Mark,True,8
1737,1737,4,Mark,True,10
1738,1738,4,Mark,True,9
1739,1739,4,Mark,True,6
1740,1740,4,Mark,True,10
1741,1741,4,Mark,True,29
1742,1742,4,Mark,True,1
1743,1743,4,Mark,True,1
1744,1744,4,Mark,True,6
1745,1745,4,Mark,True,10
1746,1746,4,Mark,True,4
1747,1747,4,Mark,True,3
1748,1748,4,Mark,False,4
1749,1749,4,Mark,False,2
1750,1750,4,Mark,False,6
1751,1751,4,Mark,True,1
1752,1752,4,Mark,True,10
1753,1753,4,Mark,True,3
1754,1754,4,Mark,True,15
1755,1755,4,Mark,True,16
1756,1756,4,Mark,False,1
1757,1757,4,Mark,False,2
1758,1758,4,Mark,False,1
1759,1759,4,Mark,False,1
1760,1760,4,Mark,False,5
1761,1761,4,Mark,False,1
1762,1762,4,Mark,False,6
1763,1763,4,Mark,False,5
1764,1764,4,Mark,False,10
1765,1765,4,Mark,False,3
1766,1766,4,Mark,False,4
1767,1767,4,Mark,False,2
1768,1768,4,Mark,True,2
1769,1769,4,Mark,True,5
1770,1770,4,Mark,False,15
1771,1771,4,Mark,False,5
1772,1772,4,Mark,False,11
1773,1773,4,Mark,False,4
1774,1774,4,Mark,False,6
1775,1775,4,Mark,True,6
1776,1776,4,Mark,True,6
1777,1777,4,Mark,True,4
1778,1778,4,Mark,False,2
1779,1779,4,Mark,False,6
1780,1780,4,Mark,False,3
1781,1781,4,Mark,False,5
1782,1782,4,Mark,False,4
1783,1783,4,Mark,False,6
1784,1784,4,Mark,True,1
1785,1785,4,Mark,False,4
1786,1786,4,Mark,True,2
1787,1787,4,Mark,False,6
1788,1788,4,Mark,False,8
1789,1789,4,Mark,False,1
1790,1790,4,Mark,False,1
1791,1791,4,Mark,True,4
1792,1792,4,Mark,True,7
1793,1793,4,Mark,True,4
1794,1794,4,Mark,True,5
1795,1795,4,Mark,True,3
1796,1796,4,Mark,False,2
1797,1797,4,Mark,False,8
1798,1798,4,Mark,False,10
1799,1799,4,Mark,False,5
1800,1800,4,Mark,False,7
1801,1801,4,Mark,False,9
1802,1802,4,Mark,False,1
1803,1803,4,Mark,False,14
1804,1804,4,Mark,False,12
1805,1805,4,Mark,True,1
1806,1806,4,Mark,True,16
1807,1807,4,Mark,False,18
1808,1808,4,Mark,False,11
1809,1809,4,Mark,False,6
1810,1810,4,Mark,False,11
1811,1811,4,Mark,False,10
1812,1812,4,Mark,False,6
1813,1813,4,Mark,False,7
1814,1814,4,Mark,False,3
1815,1815,4,Mark,False,2
1816,1816,4,Mark,False,10
1817,1817,4,Mark,True,2
1818,1818,4,Mark,True,7
1819,1819,4,Mark,True,22
1820,1820,4,Mark,False,10
1821,1821,4,Mark,False,9
1822,1822,4,Mark,True,5
1823,1823,4,Mark,True,10
1824,1824,4,Mark,True,4
1825,1825,4,Mark,True,3
1826,1826,4,Mark,True,3
1827,1827,4,Mark,False,1
1828,1828,4,Mark,False,3
1829,1829,4,Mark,False,5
1830,1830,4,Mark,False,12
1831,1831,4,Mark,False,2
1832,1832,4,Mark,True,16
1833,1833,4,Mark,True,5
1834,1834,4,Mark,True,10
1835,1835,4,Mark,False,15
1836,1836,4,Mark,False,1
1837,1837,4,Mark,False,1
1838,1838,4,Mark,False,1
1839,1839,4,Mark,False,5
1840,1840,4,Mark,False,12
1841,1841,4,Mark,True,2
1842,1842,4,Mark,True,5
1843,1843,4,Mark,True,10
1844,1844,4,Mark,True,10
1845,1845,4,Mark,True,8
1846,1846,4,Mark,True,13
1847,1847,4,Mark,True,5
1848,1848,4,Mark,False,1
1849,1849,4,Mark,True,3
1850,1850,4,Mark,False,3
1851,1851,4,Mark,True,3
1852,1852,4,Mark,False,4
1853,1853,4,Mark,True,7
1854,1854,4,Mark,False,2
1855,1855,4,Mark,True,6
1856,1856,4,Mark,True,2
1857,1857,4,Mark,False,3
1858,1858,4,Mark,True,3
1859,1859,4,Mark,True,7
1860,1860,4,Mark,True,3
1861,1861,4,Mark,False,4
1862,1862,4,Mark,False,4
1863,1863,4,Mark,True,7
1864,1864,4,Mark,True,7
1865,1865,4,Mark,True,5
1866,1866,4,Mark,True,13
1867,1867,4,Mark,True,7
1868,1868,4,Mark,True,5
1869,1869,4,Mark,True,4
1870,1870,4,Mark,True,5
1871,1871,4,Mark,True,3
1872,1872,4,Mark,True,7
1873,1873,4,Mark,True,6
1874,1874,4,Mark,True,13
1875,1875,4,Mark,True,4
1876,1876,4,Mark,True,3
1877,1877,4,Mark,True,4
1878,1878,4,Mark,True,4
1879,1879,4,Mark,True,11
1880,1880,4,Mark,True,7
1881,1881,4,Mark,True,6
1882,1882,4,Mark,True,4
1883,1883,4,Mark,True,4
1884,1884,4,Mark,True,5
1885,1885,4,Mark,True,1
1886,1886,4,Mark,True,7
1887,1887,4,Mark,True,4
1888,1888,4,Mark,False,13
1889,1889,4,Mark,False,6
1890,1890,4,Mark,False,16
1891,1891,4,Mark,False,1
1892,1892,4,Mark,False,26
1893,1893,4,Mark,False,4
1894,1894,4,Mark,False,5
1895,1895,4,Mark,False,3
1896,1896,4,Mark,False,7
1897,1897,4,Mark,False,1
1898,1898,4,Mark,False,3
1899,1899,4,Mark,False,1
1900,1900,4,Mark,False,4
1901,1901,4,Mark,False,6
1902,1902,4,Mark,False,3
1903,1903,4,Mark,False,7
1904,1904,4,Mark,False,4
1905,1905,4,Mark,False,4
1906,1906,4,Mark,False,1
1907,1907,4,Mark,False,1
1908,1908,4,Mark,False,1
1909,1909,4,Mark,False,3
1910,1910,4,Mark,False,4
1911,1911,4,Mark,False,2
1912,1912,4,Mark,False,5
1913,1913,4,Mark,False,5
1914,1914,4,Mark,False,2
1915,1915,4,Mark,False,2
1916,1916,4,Mark,False,3
1917,1917,4,Mark,False,2
1918,1918,4,Mark,False,3
1919,1919,4,Mark,False,3
1920,1920,4,Mark,False,1
1921,1921,4,Mark,False,5
1922,1922,4,Mark,False,5
1923,1923,4,Mark,False,1
1924,1924,4,Mark,False,3
1925,1925,4,Mark,False,13
1926,1926,4,Mark,False,6
1927,1927,4,Mark,False,3
1928,1928,4,Mark,False,4
1929,1929,4,Mark,False,2
1930,1930,4,Mark,False,7
1931,1931,4,Mark,False,8
1932,1932,4,Mark,False,7
1933,1933,4,Mark,False,11
1934,1934,4,Mark,False,2
1935,1935,4,Mark,False,1
1936,1936,4,Mark,False,3
1937,1937,4,Mark,False,3
1938,1938,4,Mark,False,5
1939,1939,4,Mark,True,8
1940,1940,4,Mark,True,2
1941,1941,4,Mark,True,3
1942,1942,4,Mark,False,3
1943,1943,4,Mark,False,6
1944,1944,4,Mark,False,10
1945,1945,4,Mark,False,4
1946,1946,4,Mark,False,2
1947,1947,4,Mark,False,3
1948,1948,4,Mark,False,1
1949,1949,4,Mark,False,5
1950,1950,4,Mark,False,4
1951,1951,4,Mark,False,7
1952,1952,4,Mark,False,5
1953,1953,4,Mark,False,40
1954,1954,4,Mark,False,6
1955,1955,4,Mark,True,2
1956,1956,4,Mark,True,4
1957,1957,4,Mark,True,2
1958,1958,4,Mark,True,3
1959,1959,4,Mark,True,5
1960,1960,5,Mark,True,13
1961,1961,5,Mark,True,6
1962,1962,5,Mark,True,4
1963,1963,5,Mark,True,11
1964,1964,5,Mark,True,1
1965,1965,5,Mark,False,1
1966,1966,5,Mark,False,3
1967,1967,5,Mark,False,4
1968,1968,5,Mark,True,3
1969,1969,5,Mark,False,2
1970,1970,5,Mark,False,2
1971,1971,5,Mark,False,2
1972,1972,5,Mark,False,4
1973,1973,5,Mark,False,11
1974,1974,5,Mark,True,1
1975,1975,5,Mark,False,7
1976,1976,5,Mark,True,2
1977,1977,5,Mark,True,2
1978,1978,5,Mark,False,3
1979,1979,5,Mark,False,2
1980,1980,5,Mark,False,5
1981,1981,5,Mark,False,5
1982,1982,5,Mark,False,5
1983,1983,5,Mark,True,8
1984,1984,5,Mark,True,8
1985,1985,5,Mark,True,5
1986,1986,5,Mark,True,6
1987,1987,5,Mark,True,8
1988,1988,5,Mark,True,7
1989,1989,5,Mark,True,12
1990,1990,5,Mark,True,10
1991,1991,5,Mark,False,2
1992,1992,5,Mark,False,7
1993,1993,5,Mark,False,1
1994,1994,5,Mark,False,1
1995,1995,5,Mark,False,7
1996,1996,5,Mark,False,5
1997,1997,5,Mark,False,8
1998,1998,5,Mark,False,3
1999,1999,5,Mark,False,3
2000,2000,5,Mark,False,3
2001,2001,5,Mark,False,1
2002,2002,5,Mark,False,4
2003,2003,5,Mark,False,2
2004,2004,5,Mark,False,4
2005,2005,5,Mark,False,6
2006,2006,5,Mark,False,22
2007,2007,5,Mark,False,1
2008,2008,5,Mark,False,5
2009,2009,5,Mark,False,7
2010,2010,5,Mark,False,3
2011,2011,5,Mark,False,2
2012,2012,5,Mark,False,2
2013,2013,5,Mark,False,2
2014,2014,5,Mark,False,2
2015,2015,5,Mark,False,1
2016,2016,5,Mark,False,4
2017,2017,5,Mark,False,1
2018,2018,5,Mark,True,26
2019,2019,5,Mark,True,6
2020,2020,5,Mark,False,1
2021,2021,5,Mark,True,2
2022,2022,5,Mark,True,4
2023,2023,5,Mark,True,3
2024,2024,5,Mark,True,4
2025,2025,5,Mark,True,12
2026,2026,5,Mark,True,4
2027,2027,5,Mark,True,7
2028,2028,5,Mark,True,8
2029,2029,5,Mark,True,4
2030,2030,5,Mark,True,8
2031,2031,5,Mark,False,1
2032,2032,5,Mark,True,7
2033,2033,5,Mark,True,5
2034,2034,5,Mark,True,22
2035,2035,5,Mark,False,3
2036,2036,5,Mark,False,2
2037,2037,5,Mark,False,2
2038,2038,5,Mark,True,4
2039,2039,5,Mark,True,3
2040,2040,5,Mark,True,6
2041,2041,5,Mark,True,4
2042,2042,5,Mark,True,7
2043,2043,5,Mark,True,1
2044,2044,5,Mark,False,1
2045,2045,5,Mark,False,7
2046,2046,5,Mark,False,4
2047,2047,5,Mark,False,3
2048,2048,5,Mark,False,2
2049,2049,5,Mark,False,2
2050,2050,5,Mark,True,3
2051,2051,5,Mark,True,3
2052,2052,5,Mark,True,3
2053,2053,5,Mark,True,6
2054,2054,5,Mark,False,4
2055,2055,5,Mark,False,1
2056,2056,5,Mark,True,6
2057,2057,5,Mark,True,2
2058,2058,5,Mark,True,3
2059,2059,5,Mark,True,6
2060,2060,5,Mark,True,7
2061,2061,5,Mark,True,5
2062,2062,5,Mark,True,5
2063,2063,5,Mark,True,16
2064,2064,5,Mark,True,3
2065,2065,5,Mark,False,4
2066,2066,5,Mark,False,8
2067,2067,5,Mark,False,13
2068,2068,5,Mark,False,18
2069,2069,5,Mark,False,6
2070,2070,5,Mark,False,27
2071,2071,5,Mark,False,3
2072,2072,5,Mark,True,6
2073,2073,5,Mark,False,3
2074,2074,5,Mark,False,6
2075,2075,5,Mark,False,9
2076,2076,5,Mark,False,10
2077,2077,5,Mark,False,4
2078,2078,5,Mark,False,6
2079,2079,5,Mark,False,4
2080,2080,5,Mark,False,3
2081,2081,5,Mark,False,13
2082,2082,5,Mark,True,6
2083,2083,5,Mark,True,8
2084,2084,5,Mark,False,2
2085,2085,5,Mark,False,6
2086,2086,5,Mark,False,26
2087,2087,5,Mark,True,10
2088,2088,5,Mark,True,3
2089,2089,5,Mark,True,1
2090,2090,5,Mark,True,3
2091,2091,5,Mark,True,17
2092,2092,5,Mark,True,7
2093,2093,5,Mark,True,8
2094,2094,5,Mark,True,6
2095,2095,5,Mark,True,9
2096,2096,5,Mark,True,5
2097,2097,5,Mark,False,5
2098,2098,5,Mark,True,1
2099,2099,5,Mark,True,2
2100,2100,5,Mark,True,6
2101,2101,5,Mark,True,3
2102,2102,5,Mark,True,16
2103,2103,5,Mark,True,2
2104,2104,5,Mark,True,5
2105,2105,5,Mark,True,3
2106,2106,5,Mark,True,2
2107,2107,5,Mark,True,4
2108,2108,5,Mark,True,4
2109,2109,5,Mark,True,4
2110,2110,5,Mark,True,7
2111,2111,5,Mark,True,1
2112,2112,5,Mark,True,1
2113,2113,5,Mark,False,1
2114,2114,5,Mark,False,7
2115,2115,5,Mark,False,3
2116,2116,5,Mark,False,2
2117,2117,5,Mark,False,5
2118,2118,5,Mark,True,4
2119,2119,5,Mark,True,4
2120,2120,5,Mark,False,2
2121,2121,5,Mark,False,7
2122,2122,5,Mark,False,2
2123,2123,5,Mark,False,1
2124,2124,5,Mark,False,5
2125,2125,5,Mark,False,1
2126,2126,5,Mark,True,12
2127,2127,5,Mark,True,7
2128,2128,5,Mark,True,2
2129,2129,5,Mark,True,11
2130,2130,5,Mark,True,3
2131,2131,5,Mark,False,1
2132,2132,5,Mark,False,3
2133,2133,5,Mark,False,8
2134,2134,5,Mark,False,10
2135,2135,5,Mark,False,7
2136,2136,5,Mark,False,6
2137,2137,5,Mark,False,17
2138,2138,5,Mark,False,3
2139,2139,5,Mark,True,5
2140,2140,5,Mark,True,2
2141,2141,5,Mark,False,2
2142,2142,5,Mark,True,1
2143,2143,5,Mark,False,2
2144,2144,5,Mark,True,1
2145,2145,5,Mark,False,2
2146,2146,5,Mark,True,1
2147,2147,5,Mark,False,1
2148,2148,5,Mark,True,1
2149,2149,5,Mark,False,1
2150,2150,5,Mark,False,3
2151,2151,5,Mark,False,6
2152,2152,5,Mark,False,5
2153,2153,5,Mark,False,5
2154,2154,5,Mark,False,1
2155,2155,5,Mark,False,3
2156,2156,5,Mark,True,3
2157,2157,5,Mark,True,4
2158,2158,5,Mark,False,2
2159,2159,5,Mark,False,4
2160,2160,5,Mark,False,14
2161,2161,5,Mark,False,3
2162,2162,5,Mark,False,4
2163,2163,5,Mark,False,1
2164,2164,5,Mark,False,5
2165,2165,5,Mark,False,7
2166,2166,5,Mark,False,12
2167,2167,5,Mark,False,13
2168,2168,5,Mark,False,4
2169,2169,5,Mark,False,7
2170,2170,5,Mark,False,1
2171,2171,5,Mark,False,1
2172,2172,5,Mark,False,3
2173,2173,5,Mark,False,3
2174,2174,5,Mark,False,10
2175,2175,5,Mark,False,4
2176,2176,5,Mark,False,7
2177,2177,5,Mark,False,4
2178,2178,5,Mark,False,2
2179,2179,5,Mark,False,1
2180,2180,5,Mark,False,7
2181,2181,5,Mark,False,2
2182,2182,5,Mark,False,1
2183,2183,5,Mark,False,8
2184,2184,5,Mark,True,4
2185,2185,5,Mark,True,18
2186,2186,5,Mark,False,10
2187,2187,5,Mark,True,24
2188,2188,5,Mark,True,1
2189,2189,5,Mark,True,6
2190,2190,5,Mark,False,4
2191,2191,5,Mark,False,3
2192,2192,5,Mark,False,25
2193,2193,5,Mark,True,4
2194,2194,5,Mark,True,4
2195,2195,5,Mark,True,7
2196,2196,5,Mark,False,3
2197,2197,5,Mark,False,3
2198,2198,5,Mark,False,16
2199,2199,5,Mark,False,4
2200,2200,5,Mark,False,8
2201,2201,5,Mark,False,13
2202,2202,5,Mark,False,9
2203,2203,5,Mark,False,3
2204,2204,5,Mark,False,5
2205,2205,5,Mark,False,5
2206,2206,5,Mark,False,4
2207,2207,5,Mark,False,3
2208,2208,5,Mark,False,10
2209,2209,5,Mark,False,10
2210,2210,5,Mark,False,5
2211,2211,5,Mark,False,4
2212,2212,5,Mark,False,12
2213,2213,5,Mark,False,3
2214,2214,5,Mark,False,16
2215,2215,5,Mark,False,1
2216,2216,5,Mark,True,3
2217,2217,5,Mark,True,3
2218,2218,5,Mark,False,4
2219,2219,5,Mark,False,2
2220,2220,5,Mark,False,8
2221,2221,5,Mark,False,2
2222,2222,5,Mark,False,2
2223,2223,5,Mark,False,7
2224,2224,5,Mark,False,4
2225,2225,5,Mark,False,2
2226,2226,5,Mark,False,3
2227,2227,5,Mark,True,3
2228,2228,5,Mark,True,3
2229,2229,5,Mark,False,3
2230,2230,5,Mark,False,5
2231,2231,5,Mark,False,8
2232,2232,5,Mark,False,5
2233,2233,5,Mark,True,2
2234,2234,5,Mark,True,2
2235,2235,5,Mark,False,4
2236,2236,5,Mark,False,7
2237,2237,5,Mark,False,1
2238,2238,5,Mark,False,1
2239,2239,5,Mark,False,1
2240,2240,5,Mark,True,6
2241,2241,5,Mark,True,4
2242,2242,5,Mark,True,3
2243,2243,5,Mark,False,2
2244,2244,5,Mark,True,3
2245,2245,5,Mark,True,3
2246,2246,5,Mark,False,20
2247,2247,5,Mark,False,17
2248,2248,5,Mark,False,1
2249,2249,5,Mark,False,1
2250,2250,5,Mark,False,1
2251,2251,5,Mark,False,2
2252,2252,5,Mark,False,2
2253,2253,6,Mark,False,12
2254,2254,6,Mark,False,15
2255,2255,6,Mark,True,3
2256,2256,6,Mark,True,4
2257,2257,6,Mark,True,9
2258,2258,6,Mark,False,9
2259,2259,6,Mark,True,3
2260,2260,6,Mark,True,3
2261,2261,6,Mark,True,3
2262,2262,6,Mark,True,4
2263,2263,6,Mark,True,9
2264,2264,6,Mark,True,2
2265,2265,6,Mark,True,4
2266,2266,6,Mark,False,3
2267,2267,6,Mark,False,7
2268,2268,6,Mark,False,3
2269,2269,6,Mark,True,6
2270,2270,6,Mark,False,3
2271,2271,6,Mark,False,5
2272,2272,6,Mark,False,4
2273,2273,6,Mark,False,3
2274,2274,6,Mark,False,8
2275,2275,6,Mark,False,10
2276,2276,6,Mark,False,10
2277,2277,6,Mark,False,4
2278,2278,6,Mark,False,16
2279,2279,6,Mark,False,11
2280,2280,6,Mark,False,5
2281,2281,6,Mark,False,1
2282,2282,6,Mark,False,3
2283,2283,6,Mark,False,1
2284,2284,6,Mark,False,10
2285,2285,6,Mark,False,11
2286,2286,6,Mark,False,8
2287,2287,6,Mark,False,2
2288,2288,6,Mark,False,8
2289,2289,6,Mark,False,10
2290,2290,6,Mark,False,10
2291,2291,6,Mark,False,1
2292,2292,6,Mark,False,13
2293,2293,6,Mark,False,2
2294,2294,6,Mark,False,7
2295,2295,6,Mark,False,12
2296,2296,6,Mark,False,8
2297,2297,6,Mark,False,10
2298,2298,6,Mark,False,2
2299,2299,6,Mark,False,1
2300,2300,6,Mark,False,4
2301,2301,6,Mark,False,4
2302,2302,6,Mark,False,4
2303,2303,6,Mark,True,2
2304,2304,6,Mark,True,6
2305,2305,6,Mark,True,7
2306,2306,6,Mark,True,7
2307,2307,6,Mark,True,9
2308,2308,6,Mark,True,5
2309,2309,6,Mark,False,2
2310,2310,6,Mark,False,11
2311,2311,6,Mark,False,5
2312,2312,6,Mark,False,5
2313,2313,6,Mark,False,14
2314,2314,6,Mark,False,3
2315,2315,6,Mark,True,1
2316,2316,6,Mark,True,3
2317,2317,6,Mark,True,5
2318,2318,6,Mark,True,2
2319,2319,6,Mark,False,6
2320,2320,6,Mark,False,8
2321,2321,6,Mark,False,4
2322,2322,6,Mark,False,1
2323,2323,6,Mark,False,5
2324,2324,6,Mark,False,12
2325,2325,6,Mark,False,4
2326,2326,6,Mark,False,8
2327,2327,6,Mark,False,7
2328,2328,6,Mark,False,7
2329,2329,6,Mark,False,5
2330,2330,6,Mark,False,4
2331,2331,6,Mark,True,3
2332,2332,6,Mark,True,3
2333,2333,6,Mark,True,9
2334,2334,6,Mark,True,3
2335,2335,6,Mark,True,7
2336,2336,6,Mark,True,3
2337,2337,6,Mark,True,1
2338,2338,6,Mark,True,6
2339,2339,6,Mark,False,6
2340,2340,6,Mark,False,7
2341,2341,6,Mark,False,1
2342,2342,6,Mark,False,8
2343,2343,6,Mark,False,2
2344,2344,6,Mark,False,14
2345,2345,6,Mark,True,3
2346,2346,6,Mark,False,4
2347,2347,6,Mark,False,4
2348,2348,6,Mark,False,8
2349,2349,6,Mark,False,6
2350,2350,6,Mark,False,3
2351,2351,6,Mark,False,6
2352,2352,6,Mark,False,4
2353,2353,6,Mark,False,4
2354,2354,6,Mark,False,13
2355,2355,6,Mark,False,7
2356,2356,6,Mark,False,1
2357,2357,6,Mark,False,3
2358,2358,6,Mark,True,3
2359,2359,6,Mark,True,3
2360,2360,6,Mark,True,3
2361,2361,6,Mark,False,2
2362,2362,6,Mark,False,3
2363,2363,6,Mark,False,14
2364,2364,6,Mark,False,14
2365,2365,6,Mark,False,1
2366,2366,6,Mark,False,2
2367,2367,6,Mark,False,1
2368,2368,6,Mark,False,2
2369,2369,6,Mark,False,1
2370,2370,6,Mark,False,4
2371,2371,6,Mark,False,4
2372,2372,6,Mark,False,3
2373,2373,6,Mark,False,4
2374,2374,6,Mark,False,6
2375,2375,6,Mark,True,8
2376,2376,6,Mark,True,13
2377,2377,6,Mark,False,1
2378,2378,6,Mark,False,4
2379,2379,6,Mark,True,1
2380,2380,6,Mark,True,5
2381,2381,6,Mark,False,12
2382,2382,6,Mark,False,10
2383,2383,6,Mark,False,16
2384,2384,6,Mark,False,1
2385,2385,6,Mark,False,6
2386,2386,6,Mark,True,11
2387,2387,6,Mark,True,9
2388,2388,6,Mark,True,12
2389,2389,6,Mark,True,11
2390,2390,6,Mark,True,3
2391,2391,6,Mark,False,6
2392,2392,6,Mark,False,1
2393,2393,6,Mark,False,2
2394,2394,6,Mark,False,6
2395,2395,6,Mark,False,6
2396,2396,6,Mark,True,7
2397,2397,6,Mark,True,13
2398,2398,6,Mark,False,3
2399,2399,6,Mark,False,5
2400,2400,6,Mark,False,3
2401,2401,6,Mark,False,7
2402,2402,6,Mark,False,4
2403,2403,6,Mark,False,7
2404,2404,6,Mark,False,5
2405,2405,6,Mark,False,5
2406,2406,6,Mark,False,8
2407,2407,6,Mark,False,3
2408,2408,6,Mark,False,4
2409,2409,6,Mark,False,7
2410,2410,6,Mark,False,2
2411,2411,6,Mark,False,32
2412,2412,6,Mark,False,11
2413,2413,6,Mark,True,7
2414,2414,6,Mark,False,6
2415,2415,6,Mark,True,6
2416,2416,6,Mark,True,13
2417,2417,6,Mark,True,5
2418,2418,6,Mark,True,17
2419,2419,6,Mark,True,4
2420,2420,6,Mark,True,3
2421,2421,6,Mark,False,4
2422,2422,6,Mark,False,6
2423,2423,6,Mark,False,13
2424,2424,6,Mark,False,8
2425,2425,6,Mark,False,2
2426,2426,6,Mark,False,5
2427,2427,6,Mark,False,3
2428,2428,6,Mark,False,7
2429,2429,6,Mark,False,1
2430,2430,6,Mark,False,6
2431,2431,6,Mark,False,4
2432,2432,6,Mark,False,6
2433,2433,6,Mark,False,14
2434,2434,6,Mark,False,8
2435,2435,6,Mark,True,2
2436,2436,6,Mark,True,2
2437,2437,6,Mark,True,2
2438,2438,6,Mark,True,8
2439,2439,6,Mark,True,6
2440,2440,6,Mark,True,1
2441,2441,6,Mark,True,2
2442,2442,6,Mark,True,1
2443,2443,6,Mark,True,2
2444,2444,6,Mark,True,7
2445,2445,6,Mark,False,1
2446,2446,6,Mark,False,2
2447,2447,6,Mark,False,3
2448,2448,6,Mark,False,12
2449,2449,6,Mark,False,22
2450,2450,6,Mark,False,5
2451,2451,6,Mark,False,6
2452,2452,6,Mark,True,4
2453,2453,6,Mark,True,11
2454,2454,6,Mark,True,6
2455,2455,6,Mark,True,9
2456,2456,6,Mark,True,8
2457,2457,6,Mark,True,3
2458,2458,6,Mark,True,1
2459,2459,6,Mark,True,5
2460,2460,6,Mark,True,4
2461,2461,6,Mark,True,2
2462,2462,6,Mark,True,3
2463,2463,6,Mark,True,4
2464,2464,6,Mark,True,6
2465,2465,6,Mark,True,2
2466,2466,6,Mark,True,6
2467,2467,6,Mark,True,4
2468,2468,6,Mark,True,5
2469,2469,6,Mark,True,1
2470,2470,6,Mark,False,1
2471,2471,6,Mark,False,5
2472,2472,6,Mark,False,4
2473,2473,6,Mark,False,5
2474,2474,6,Mark,False,11
2475,2475,6,Mark,False,1
2476,2476,6,Mark,False,4
2477,2477,6,Mark,False,2
2478,2478,6,Mark,False,11
2479,2479,6,Mark,False,7
2480,2480,6,Mark,False,17
2481,2481,6,Mark,False,3
2482,2482,6,Mark,False,2
2483,2483,6,Mark,False,1
2484,2484,6,Mark,False,2
2485,2485,6,Mark,False,11
2486,2486,6,Mark,False,7
2487,2487,6,Mark,False,2
2488,2488,6,Mark,False,2
2489,2489,6,Mark,False,1
2490,2490,6,Mark,False,5
2491,2491,6,Mark,False,1
2492,2492,6,Mark,False,1
2493,2493,6,Mark,False,8
2494,2494,6,Mark,False,5
2495,2495,6,Mark,False,13
2496,2496,6,Mark,False,3
2497,2497,6,Mark,False,2
2498,2498,6,Mark,False,2
